62eb9b35-162f-46fe-897e-27058153327d|A person, family, or organization contributing to a resource by shortening or condensing the original work but leaving the nature and content of the original work substantially unchanged. For substantial modifications that result in the creation of a new work, see author|abr|Abridger||
2f445f16-b110-40ad-bd3d-2123162e5757|A performer contributing to an expression of a work by acting as a cast member or player in a musical or dramatic presentation, etc.|act|Actor||
8fd7ef0c-eab1-4f15-9527-19c7a8235402|A person or organization who 1) reworks a musical composition, usually for a different medium, or 2) rewrites novels or stories for motion pictures or other audiovisual medium.|adp|Adapter||
774acb1a-ce04-4b31-91ab-dcfbfff29baa|A person, family, or organization to whom the correspondence in a work is addressed UF Recipient|rcp|Addressee||
f6dc674b-2b60-43a9-9195-835af2155378|A person or organization that reviews, examines and interprets data or information in a specific area|anl|Analyst||
59e5302b-32cb-4bda-a8bc-0b7c30e05ecd|A person contributing to a moving image work or computer program by giving apparent movement to inanimate objects or drawings. For the creator of the drawings that are animated, see artist|anm|Animator||
21881711-2565-46be-8e5a-ae0f416ed0d9|A person who makes manuscript annotations on an item|ann|Annotator||
3c6160c6-92e8-4b0e-b48b-a9e94a1bdd19|A person or organization who appeals a lower court's decision|apl|Appellant||
e62b28a4-e0a1-4c35-bef6-3a3244c17260|A person or organization against whom an appeal is taken|ape|Appellee||
1c0764d8-2905-4027-aa7c-2e6a2e4f6d88|A person or organization responsible for the submission of an application or who is named as eligible for the results of the processing of the application (e.g., bestowing of rights, reward, title, position)|app|Applicant||
4bac30ed-3f4e-4dc5-8d3c-6d4880eb2141|A person, family, or organization responsible for creating an architectural design, including a pictorial representation intended to show how a building, etc., will look when completed. It also oversees the construction of structures|arc|Architect||
2a5b9d93-325c-4ef6-8079-11ca15d8de62|A person, family, or organization contributing to a musical work by rewriting the composition for a medium of performance different from that for which the work was originally intended, or modifying the work for the same medium of performance, etc., such that the musical substance of the original composition remains essentially unchanged. For extensive modification that effectively results in the creation of a new musical work, see composer UF Arranger of music Arranger of music|arr|Arranger||
08d77edd-ceab-4053-b79e-c25ef6bc6b50|||USE Arranger||
fcebf957-e592-41c8-844b-6e4dcf264fce|A person (e.g., a painter or sculptor) who makes copies of works of visual art|acp|Art copyist||
0115867c-2fb2-4dda-b0f0-9f17e4fe6f41|A person contributing to a motion picture or television production by overseeing the artists and craftspeople who build the sets|adi|Art director||
4e51ea8e-5caf-498f-b3e6-7e917736e555|A person, family, or organization responsible for creating a work by conceiving, and implementing, an original graphic design, drawing, painting, etc. For book illustrators, prefer Illustrator|art|Artist||
ac67b0d2-303a-48bd-aafb-fe6ce340ce1a|A person responsible for controlling the development of the artistic style of an entire production, including the choice of works to be presented and selection of senior production staff|ard|Artistic director||
85d61af3-05de-4a4b-b4e4-d1aed3a3fbf0|A person or organization to whom a license for printing or publishing has been transferred|asg|Assignee||
914b9c74-ef83-4c84-b89e-401bb2da7726|A person or organization associated with or found in an item or collection, which cannot be determined to be that of a Former owner|asn|Associated name||
28a5a002-8fc2-4ac6-84f6-a1ab3fb47c8f|An author, artist, etc., relating him/her to a resource for which there is or once was substantial authority for designating that person as author, creator, etc. of the work|att|Attributed name||
385a56d4-555d-48ef-80cb-af8e44d06076|||UF Supposed name||
311e0e7f-65de-488b-bdc1-223a12d27e83|A person or organization in charge of the estimation and public auctioning of goods, particularly books, artistic works, etc.|auc|Auctioneer||
fe727a33-8d82-49ea-bc51-a4d97f02417e|A person, family, or organization responsible for creating a work that is primarily textual in content, regardless of media type (e.g., printed text, spoken word, electronic text, tactile text) or genre (e.g., poems, novels, screenplays, blogs). Use also for persons, etc., creating a new work by paraphrasing, rewriting, or adapting works by another creator such that the modification has substantially changed the nature and content of the original or changed the medium of expression|aut|Author||
e452e778-9127-4dab-b1c5-262e24cd6e53|||UF Joint author||
634ab109-e014-4f0f-85f4-1498363b1f07|A person or organization whose work is largely quoted or extracted in works to which he or she did not contribute directly. Such quotations are found particularly in exhibition catalogs, collections of photographs, etc.|aqt|Author in quotations or text abstracts||
af990472-79e6-4a8f-add3-cdebc62511a7|A person or organization responsible for an afterword, postface, colophon, etc. but who is not the chief author of a work|aft|Author of afterword, colophon, etc.||
edd5a025-9eed-41cf-8bbb-4d94c9720410|A person or organization responsible for the dialog or spoken commentary for a screenplay or sound recording|aud|Author of dialog||
46b3acb1-d158-42b9-9444-d49f7ad1a5da|A person or organization responsible for an introduction, preface, foreword, or other critical introductory matter, but who is not the chief author Author of screenplay, etc. USE Screenwriter|aui|Author of introduction, etc.||
a5ef1312-487c-44ec-b2c9-d8f63e3776a4|A person whose manuscript signature appears on an item|ato|Autographer||
4055d480-9f01-4687-b20a-4c96cd62c892|A person or organization responsible for a resource upon which the resource represented by the bibliographic description is based. This may be appropriate for adaptations, sequels, continuations, indexes, etc.|ant|Bibliographic antecedent||
8307abd1-93f4-4829-94a1-6284751253c7|A person who binds an item|bnd|Binder||
623ddc44-bd30-4fc5-a270-2005ff895f0b|A person or organization responsible for the binding design of a book, including the type of binding, the type of materials used, and any decorative aspects of the binding UF Designer of binding, Blurb writer|bdd|Binding designer||
bdfdd2fe-f7d0-4d87-99ab-f266576a4477|A person or organization involved in manufacturing a manifestation by being responsible for the entire graphic design of a book, including arrangement of type and illustration, choice of materials, and process used, UF Designer of book, UF Designer of e-book|bkd|Book designer||
73b1a105-2c56-4033-a4d3-0a5d460c803e|A person or organization responsible for the production of books and other print media , UF Producer of book|bkp|Book producer||
ba63d8eb-81b7-4788-a0c8-9d2b9191ae61|A person or organization responsible for the design of flexible covers designed for or published with a book, including the type of materials used, and any decorative aspects of the bookjacket, UF Designer of bookjacket|bjd|Bookjacket designer||
4181abb4-050d-4381-af1e-94337a442492|A person or organization responsible for the design of a book owner's identification label that is most commonly pasted to the inside front cover of a book|bpd|Bookplate designer||
b4e72100-2ba4-4f7f-a820-e659e7747db4|A person or organization who makes books and other bibliographic materials available for purchase. Interest in the materials is primarily lucrative|bsl|Bookseller||
d991a46b-ff33-4458-aa28-c7e669dbcfeb|||Bowdlerizer, USE Censor||
98b01f4a-a678-4eef-9db0-1999640c4839|A person, family, or organization involved in manufacturing a resource by embossing Braille cells using a stylus, special embossing printer, or other device|brl|Braille embosser||
e6ac40fd-b11e-45c7-9d58-9c2bfff96423|A person, family, or organization involved in broadcasting a resource to an audience via radio, television, webcast, etc.|brd|Broadcaster||
4513dcf7-f101-482c-a15b-7be66fa1a422|A person or organization who writes in an artistic hand, usually as a copyist and or engrosser|cll|Calligrapher||
54d879be-a651-4f38-a334-665a66fda61c|A person, family, or organization responsible for creating a map, atlas, globe, or other cartographic work|ctg|Cartographer||
759e86ed-f737-45d9-9d99-4f717cd06323|A person, family, or organization involved in manufacturing a resource by pouring a liquid or molten substance into a mold and leaving it to solidify to take the shape of the mold|cas|Caster||
bdc53d54-4422-4e78-a7dc-e45c44086cdc|A person or organization who examines bibliographic resources for the purpose of suppressing parts deemed objectionable on moral, political, military, or other grounds, UF Bowdlerizer, UF Expurgator, Chief electrician, USE Electrician|cns|Censor||
8931a8af-d782-433d-ac2d-f33759bc44c6|A person responsible for creating or contributing to a work of movement|chr|Choreographer||
58e84f2c-a1eb-4261-a5dd-03e05b66d0ce|A person in charge of photographing a motion picture, who plans the technical aspets of lighting and photographing of scenes, and often assists the director in the choice of angles, camera setups, and lighting moods. He or she may also supervise the further processing of filmed material up to the completion of the work print. Cinematographer is also referred to as director of photography. Do not confuse with videographer, UF Director of photography|cng|Cinematographer||
fd0df315-e07e-445f-a98d-4770388ebe1f|A person or organization for whom another person or organization is acting|cli|Client||
1f79253c-3bde-4e0b-a303-dec4145242f7|||Collaborator, USE Contributor||
6236eb39-1974-40a8-8ea6-2f02858031f3|A curator who lists or inventories the items in an aggregate work such as a collection of items or works|cor|Collection registrar||
5bb4522e-d840-47b1-a773-0fb110ef5b76|A curator who brings together items from various sources that are then arranged, described, and cataloged as a collection. A collector is neither the creator of the material nor a person to whom manuscripts in the collection may have been addressed|col|Collector||
f062de46-192e-4b8e-9cd3-9861015ff44e|A person, family, or organization involved in manufacturing a manifestation of photographic prints from film or other colloid that has ink-receptive and ink-repellent surfaces|clt|Collotyper||
0b531b64-d3a7-4de5-bd4e-268479c389da|A person or organization responsible for applying color to drawings, prints, photographs, maps, moving images, etc|clr|Colorist||
763f940c-6c00-4beb-8f3c-7a4e3958ad50|A performer contributing to a work by providing interpretation, analysis, or a discussion of the subject matter on a recording, film, or other audiovisual medium|cmm|Commentator||
3bac63e5-3f23-4a36-b1ea-f5e06ca03f80|A person or organization responsible for the commentary or explanatory notes about a text. For the writer of manuscript annotations in a printed book, use Annotator|cwt|Commentator for written text||
9f1e16ea-68ab-470e-9bd8-de9c9d48fbc2|A person, family, or organization responsible for creating a new work (e.g., a bibliography, a directory) through the act of compilation, e.g., selecting, arranging, aggregating, and editing data, information, etc|com|Compiler||
d4f71361-5254-4767-8482-7e35bd5b92b8|A person or organization who applies to the courts for redress, usually in an equity proceeding|cpl|Complainant||
6c576832-c065-4779-88ed-168d353341b7|A complainant who takes an appeal from one court or jurisdiction to another to reverse the judgment, usually in an equity proceeding|cpt|Complainant-appellant||
882ba4b3-07d1-41d3-8519-82cf855ff1c0|A complainant against whom an appeal is taken from one court or jurisdiction to another to reverse the judgment, usually in an equity proceeding|cpe|Complainant-appellee||
86d6248f-bd05-46ab-aa0b-c646f5304dde|A person, family, or organization responsible for creating or contributing to a musical resource by adding music to a work that originally lacked it or supplements it|cmp|Composer||
7696ba3c-3830-432f-a932-07ffa95c4771|A person or organization responsible for the creation of metal slug, or molds made of other materials, used to produce the text and images in printed matter, UF Typesetter|cmt|Compositor||
44ed80e6-ebb8-4576-8ed8-da652bf46b81|A person or organization responsible for the original idea on which a work is based, this includes the scientific author of an audio-visual item and the conceptor of an advertisement|ccp|Conceptor||
b3ed8e4f-1af0-46ee-b915-e5d0e1e813ff|A performer contributing to a musical resource by leading a performing group (orchestra, chorus, opera, etc.) in a musical or dramatic presentation, etc.|cnd|Conductor||
df2dd65c-747a-4970-ba8e-a42c04914122|A person or organization responsible for documenting, preserving, or treating printed or manuscript material, works of art, artifacts, or other media|con|Conservator||
0ade22df-0085-48dc-bcb1-3a3586744e7e|||UF Preservationist||
5a2ca119-c7c2-4cb9-90ac-f11ee398e72a|A person or organization relevant to a resource, who is called upon for professional advice or services in a specialized field of knowledge or training|csl|Consultant||
893acdad-732d-45c8-b980-ed2b5ea6015c|A person or organization relevant to a resource, who is engaged specifically to provide an intellectual overview of a strategic or operational task and by analysis, specification, or instruction, to create or propose a cost-effective course of action or solution|csp|Consultant to a project||
20df5a99-6165-4b14-9953-df3b969161c1|A person(s) or organization who opposes, resists, or disputes, in a court of law, a claim, decision, result, etc.|cos|Contestant||
10e9af4f-e3f6-4988-8bc1-e06b0c9a03bd|A contestant who takes an appeal from one court of law or jurisdiction to another to reverse the judgment|cot|Contestant-appellant||
0c110b42-c8f7-43e3-a6c6-de50d30ea6f4|A contestant against whom an appeal is taken from one court of law or jurisdiction to another to reverse the judgment|coe|Contestant-appellee||
76af5f4f-4104-4c76-ab9f-5b89f12482ec|A person(s) or organization defending a claim, decision, result, etc. being opposed, resisted, or disputed in a court of law|cts|Contestee||
62040997-7957-4a80-81ff-967d5c201b76|A contestee who takes an appeal from one court or jurisdiction to another to reverse the judgment|ctt|Contestee-appellant||
f6de9e88-be99-4740-b8b4-3237f388b563|A contestee against whom an appeal is taken from one court or jurisdiction to another to reverse the judgment|cte|Contestee-appellee||
75494e08-9d77-4b4b-acfa-2a0f9a5a153a|A person or organization relevant to a resource, who enters into a contract with another person or organization to perform a specific|ctr|Contractor||
6d45b726-fc9f-4b7d-98c7-2c5b199a11e9|A person, family or organization responsible for making contributions to the resource. This includes those whose work has been contributed to a larger work, such as an anthology, serial publication, or other compilation of individual works. If a more specific role is available, prefer that, e.g. editor, compiler, illustrator|ctb|Contributor||
c12597e6-2383-4dd0-b780-befba5f121fd|||UF Collaborator, Copier USE Facsimilist, Copier USE Forger||
84ab8532-ae95-477f-93ab-85a2c1481783|A person or organization listed as a copyright owner at the time of registration. Copyright can be granted or later transferred to another person or organization, at which time the claimant becomes the copyright holder|cpc|Copyright claimant||
a331136d-3213-4042-b71d-a6479a7ca74b|A person or organization to whom copy and legal rights have been granted or transferred for the intellectual content of a work. The copyright holder, although not necessarily the creator of the work, usually has the exclusive right to benefit financially from the sale and use of the work to which the associated copyright protection applies|cph|Copyright holder||
c91c93cb-a440-4f51-bd1a-a47bf223b5a3|A person or organization who is a corrector of manuscripts, such as the scriptorium official who corrected the work of a scribe. For printed matter, use Proofreader|crr|Corrector||
12bcbb06-1e5f-498f-a455-6093ea911c23|A person or organization who was either the writer or recipient of a letter or other communication|crp|Correspondent||
436179f9-901c-45a6-aae3-35a6980d61cf|A person, family, or organization that designs the costumes for a moving image production or for a musical or dramatic presentation or entertainment|cst|Costume designer||
92a5abb5-3246-442f-8c10-3d1bbe0a72de|||Counterfeiter USE Forger||
c9e112bd-ba9e-41c4-89c2-f80e65979943|A court governed by court rules, regardless of their official nature (e.g., laws, administrative regulations)|cou|Court governed||
68b26a3f-cb3e-4de7-bb76-0ad3334b2eb2|A person, family, or organization contributing to a resource by preparing a court's opinions for publication|crt|Court reporter||
ebeb70f3-b17d-4a1b-91df-9b7ae519ca11|A person or organization responsible for the graphic design of a book cover, album cover, slipcase, box, container, etc. For a person or organization responsible for the graphic design of an entire book, use Book designer; for book jackets, use Bookjacket designer UF Designer of cover|cov|Cover designer||
3628e8a7-5b65-43a1-9d30-14daffd7e549|A person or organization responsible for the intellectual or artistic content of a resource|cre|Creator||
e1b38e2c-b9b1-4cc3-ad03-0c1592826234|A person, family, or organization conceiving, aggregating, and/or organizing an exhibition, collection, or other item|cur|Curator||
f67d67a6-cdf7-4f4d-89d1-ec0bc1f649d4|||UF Curator of an exhibition, Curator of an exhibition USE Curator, Current owner USE Owner||
2b6022f3-1c26-4ede-af5e-61aebe03040b|A performer who dances in a musical, dramatic, etc., presentation|dnc|Dancer||
80306dbd-94de-496a-9e4e-4aab0670f4cd|A person or organization that submits data for inclusion in a database or other collection of data|dtc|Data contributor||
ff783bc2-6088-4b46-be6a-2191567d6ebb|A person or organization responsible for managing databases or other data sources|dtm|Data manager||
bcacf0f0-fbca-4820-899d-51272c525bb6|A person, family, or organization to whom a resource is dedicated|dte|Dedicatee||
7f4628fa-6ca3-4ea1-a939-0bd0ce3de149|||UF Dedicatee of item, Dedicatee of item USE Dedicatee||
65c0d6fc-837e-46a0-b7bc-14cfc8c59139|A person who writes a dedication, which may be a formal statement or in epistolary or verse form|dto|Dedicator||
205eaa12-5acb-4783-98e3-9a3a37a9ee7f|A person or organization who is accused in a criminal proceeding or sued in a civil proceeding|dfd|Defendant||
32e8fd2e-e003-4637-b184-9df61d96900e|A defendant who takes an appeal from one court or jurisdiction to another to reverse the judgment, usually in a legal action|dft|Defendant-appellant||
e4f85fe9-7ac9-4926-8961-6e449d9fdb62|A defendant against whom an appeal is taken from one court or jurisdiction to another to reverse the judgment, usually in a legal action|dfe|Defendant-appellee||
4bce722c-f4eb-43dd-a776-12e27dfb9bc2|A person who is part of a committee that considers the merit of a thesis, dissertation, or other submission by an academic degree candidate.|dgc|Degree committee member||
e642565b-fbe2-49b1-b5df-ca6c820c178d|A organization granting an academic degree UF Degree grantor Degree grantor, USE Degree granting institution Degree supervisor|dgg|Degree granting institution||
ff5110c5-3524-4623-bd90-a09714aa5246|A person or organization executing technical drawings from others' designs|dln|Delineator||
fd348d18-fdde-4ace-9ca6-51c771104130|An entity depicted or portrayed in a work, particularly in a work of art|dpc|Depicted||
ec5a55da-b041-49a2-80f3-495e066db6d7|||Deponent USE Witness||
3db56145-8d3f-461b-ae1c-13002785b125|A current owner of an item who deposited the item into the custody of another person, family, or organization, while still retaining ownership|dpt|Depositor||
2903d392-6207-4487-9cb0-48021d52be46|A person, family, or organization responsible for creating a design for an object Designer of binding USE Binding designer, Designer of book USE Book designer, Designer of bookjacket USE Bookjacket designer, Designer of cover USE Cover designer, Designer of e-book USE Book designer, Designer of type USE Type designer|dsr|Designer||
fe395d85-6db1-4be7-bc40-b96f3b2a588c|A person responsible for the general management and supervision of a filmed performance, a radio or television program, etc. Director of photography USE Cinematographer|drt|Director||
49f83799-2484-470e-b4cb-b7f8cae18dcc|A person who presents a thesis for a university or higher-level educational degree|dis|Dissertant||
2fe928f5-7186-4d73-b8a0-47eecab8c67a|A place from which a resource, e.g., a serial, is distributed|dbp|Distribution place||
97bbc7db-622c-4785-98b9-996aed0e5fec|A person or organization that has exclusive or shared marketing rights for a resource|dst|Distributor||
fb8650f3-b7ff-49a4-995e-c82e484c9310|A former owner of an item who donated that item to another owner|dnr|Donor||
c089326e-fe42-4190-9864-b9a378cc1b05|A person, family, or organization contributing to a resource by an architect, inventor, etc., by making detailed plans or drawings for buildings, ships, aircraft, machines, objects, etc|drm|Draftsman||
2403fd49-be25-415b-a4c9-0d2b2a38b01f|||UF Technical draftsman||
00742271-6437-47bb-a1c6-f4ba71af3f9a|A person or organization to which authorship has been dubiously or incorrectly ascribed|dub|Dubious author||
6c931731-e6bf-4d70-9987-be6c8cda57c9|A person, family, or organization contributing to a resource by revising or elucidating the content, e.g., adding an introduction, notes, or other critical matter. An editor may also prepare a resource for production, publication, or distribution. For major revisions, adaptations, etc., that substantially change the nature and content of the original work, resulting in a new work, see author|edt|Editor||
c6cf52af-9901-4d56-9517-f6690cd54b06|A person, family, or organization contributing to a collective or aggregate work by selecting and putting together works, or parts of works, by one or more creators. For compilations of data, information, etc., that result in new works, see compiler|edc|Editor of compilation||
2dce8433-f590-4fe9-a719-d95a204314f0|A person, family, or organization responsible for assembling, arranging, and trimming film, video, or other moving image formats, including both visual and audio aspects|edm|Editor of moving image work||
d3f07484-83e6-49b1-bd40-273d001027e7|||UF Moving image work editor||
e0e40e91-d807-485e-b8c7-eadf3c0a11a5|A person responsible for setting up a lighting rig and focusing the lights for a production, and running the lighting at a performance|elg|Electrician||
f1b943e3-7c58-4dda-a44c-e2243f8d8a65|||UF Chief electrician||
0d85f611-d07c-429e-816c-921806e10fef|||UF House electrician||
347740bd-1884-4c74-9b9d-e21fbaae09c0|||UF Master electrician||
a9441fca-6396-4f4d-b6ed-e73e97cd74f7|A person or organization who creates a duplicate printing surface by pressure molding and electrodepositing of metal that is then backed up with lead for printing|elt|Electrotyper||
103d48f4-d2ca-4637-a808-36400e24124a|A jurisdiction enacting a law, regulation, constitution, court rule, etc.|enj|Enacting jurisdiction||
30e7ee46-b49b-45b1-984a-c0422d0b6583|||Encoder||
3b6a338b-1e19-4658-9f65-e9ec64a1567a|||USE Markup editor||
51c97baa-13b5-4a9c-90de-5351db4c6f20|A person or organization that is responsible for technical planning and design, particularly with construction|eng|Engineer||
b6495ada-a48f-4ba7-85d4-9ed6e6259e97|A person or organization who cuts letters, figures, etc. on a surface, such as a wooden or metal plate used for printing|egr|Engraver||
7e3062a6-70dc-4d2c-8314-35e5e1890e45|A person or organization who produces text or images for printing by subjecting metal, glass, or some other surface to acid or the corrosive action of some other substance|etr|Etcher||
f0543082-85c3-45a7-b780-18d1382fb401|A place where an event such as a conference or a concert took place|evp|Event place||
854a916d-2ff3-44b8-ab16-e0df79f6ae06|A person or organization in charge of the description and appraisal of the value of goods, particularly rare items, works of art, etc.|exp|Expert||
38895ffa-121e-4431-9403-d1ac7db4508d|||UF Appraiser||
0e843b7e-8db0-4857-9446-283df55c7b45|||Expurgator||
23cce8a0-56e7-47dd-8158-fb522972c09b|||USE Censor||
5c30e238-7c66-4679-911d-fb56d054c4fa|||Eyewitness||
4d0a71da-067f-4542-9867-bc6adb112fd8|||USE Witness||
2710d439-8fa6-4780-a34e-dfcd2c0e8d06|A person or organization that executed the facsimile|fac|Facsimilist||
66ed68fd-5d4c-41b5-b774-098cb0257d61|||UF Copier||
791cbc7f-66e4-49ab-9320-eda904faaff7|A person or organization that manages or supervises the work done to collect raw data or do research in an actual setting or environment (typically applies to the natural and social sciences)|fld|Field director||
0f79c050-7008-4c12-8bc0-7ab5b3e4b89d|A director responsible for the general management and supervision of a filmed performance|fmd|Film director||
87c817d3-2057-4d12-9684-2139bca2c392|A person, family, or organization involved in distributing a moving image resource to theatres or other distribution channels|fds|Film distributor||
a10c1f8a-7934-4b11-b2cd-6d00a0dbab47|A person who, following the script and in creative cooperation with the Director, selects, arranges, and assembles the filmed material, controls the synchronization of picture and sound, and participates in other post-production tasks such as sound mixing and visual effects processing. Today, picture editing is often performed digitally.|flm|Film editor||
c83d6b98-5a4a-4a30-be23-47b6c10a3589|||UF Motion picture editor||
96e63f12-f977-4439-917d-6ae33785286f|A producer responsible for most of the business aspects of a film|fmp|Film producer||
ceef9404-7c77-402e-b04c-aca16bedbab9|A person, family or organization responsible for creating an independent or personal film. A filmmaker is individually responsible for the conception and execution of all aspects of the film|fmk|Filmmaker||
d6f2bbba-c401-4046-9c0d-b578b7f007dc|A person or organization who is identified as the only party or the party of the first party. In the case of transfer of rights, this is the assignor, transferor, licensor, grantor, etc. Multiple parties can be named jointly as the first party|fpy|First party||
bd5a958b-0e0e-4615-a443-37322d324041|A person or organization who makes or imitates something of value or importance, especially with the intent to defraud|frg|Forger||
c3b3c2d0-a930-4da4-ab7e-388cbafa8b41|||UF Copier||
e251032f-1f6c-41e7-a7c5-1d1f04fadc7d|||UF Counterfeiter||
a3101c0f-9f1c-4769-a96b-e15d8ee99387|A person, family, or organization formerly having legal possession of an item|fmo|Former owner||
5f4eb925-d556-4592-b3f1-fc957c49f18e|A person or organization that furnished financial support for the production of the work|fnd|Funder||
80c7ce62-e09d-4a59-975f-9881fe19d1f8|A person responsible for geographic information system (GIS) development and integration with global positioning system data|gis|Geographic information specialist||
fa5aee9f-416e-4a43-9fed-3cd0dc8628a4|||UF Geospatial information specialist||
73e03cc4-37a2-4421-b86a-5d1ddce6eb70|||Geospatial information specialist||
4579a6a7-3c97-4875-9cbe-8ee11ada7bf8|||USE Geographic information specialist||
79f2046f-4cc2-4202-8b33-b305fa5e6db8|||Graphic technician||
95551685-4473-4983-869c-6b3abc1eb16b|||USE Artist||
6331491f-3d8b-47b7-ac70-40a1d5856577|A person, family, or organization honored by a work or item (e.g., the honoree of a festschrift, a person to whom a copy is presented)|hnr|Honoree||
0f6f61d9-ae0d-4918-b730-41c9a2105cc3|||UF Honouree||
3fa2c821-918b-4ff5-abef-a05daf51802d|||UF Honouree of item||
3bc13c4b-80d4-47af-b9cb-22c240e65ee1|||Honouree||
fb7e0b58-d12f-4094-9533-f3cb3a4f395b|||USE Honoree||
8ceac6cf-c564-4a2b-b5bc-8bc13b5d3424|||Honouree of item||
75a9d274-ceac-4659-9a35-c2f7c009ab71|||USE Honoree||
2d350ed7-2119-4e02-bd66-d1e5a1443eae|A performer contributing to a resource by leading a program (often broadcast) that includes other guests, performers, etc. (e.g., talk show host)|hst|Host||
c6b9294f-6c84-480c-8352-d352f96dcaa1|An organization hosting the event, exhibit, conference, etc., which gave rise to a resource, but having little or no responsibility for the content of the resource|his|Host institution||
f5250df7-f433-4550-be38-f4165ad1c6a1|||Host, supporting||
28116d09-f5a8-430b-aa2a-0b8d01de5ee9|||USE Supporting host||
fc3a9094-c333-4516-ba45-6166a117110d|||House electrician||
2605af91-25a1-408a-b0bf-8904c9f5035f|||USE Electrician||
65d41fbd-e853-4fde-b7f2-dab119b165a9|A person providing decoration to a specific item using precious metals or color, often with elaborate designs and motifs|ilu|Illuminator||
ac387773-01c6-4171-8151-8a6435cb5850|A person, family, or organization contributing to a resource by supplementing the primary content with drawings, diagrams, photographs, etc. If the work is primarily the artistic content created by this entity, use artist or photographer|ill|Illustrator||
d3f0c261-c879-458a-8462-ade82b335e3c|||Imprimatur||
e3419758-7291-4080-9299-4fa27c050bf3|||USE Licensor||
9be7a2dd-6f80-48ce-9aef-625848d905c9|A person who has written a statement of dedication or gift|ins|Inscriber||
e51226a6-9055-4c14-ae1d-f328e240566f|||Instructor||
c8d91a35-d88d-436c-8cb7-86f2e13b1ea7|||USE Teacher||
e4d62461-dc0e-4c35-a107-f73b149a3db7|A performer contributing to a resource by playing a musical instrument|itr|Instrumentalist||
9a57fdd1-3d33-4697-b38b-98a785b610ae|A person, family or organization responsible for creating or contributing to a resource by responding to an interviewer, usually a reporter, pollster, or some other information gathering agent|ive|Interviewee||
9ba370cc-5558-405e-bd0b-5287d5ca5c47|A person, family, or organization responsible for creating or contributing to a resource by acting as an interviewer, reporter, pollster, or some other information gathering agent|ivr|Interviewer||
728c12a4-2a54-42b1-9c55-afa89e3b55ad|A person, family, or organization responsible for creating a new device or process|inv|Inventor||
4111f88e-03d2-47a9-8a5a-01df69af040d|||UF Patent inventor||
51fd7a25-f9c3-46d1-8eef-566883f5c698|A person, family or organization issuing a work, such as an official organ of the body|isb|Issuing body||
463c10ac-e03b-4849-aa28-1fdacd6e628f|||Joint author||
e9069bee-ee95-4b72-b43f-0e7695102a6a|||USE Author||
e9ae0222-bd80-44cb-8c71-fb24440cbacf|A person who hears and decides on legal matters in court.|jud|Judge||
061421b3-2be0-44a5-8a7d-35b8d78d9875|A jurisdiction governed by a law, regulation, etc., that was enacted by another jurisdiction|jug|Jurisdiction governed||
ae891d78-0381-4088-b747-740da8f2d913|||Lab director||
22f37325-7c8a-497a-99f9-a1a50cf145a2|||USE Laboratory director||
fbed1d3e-0cc5-48de-bb1f-26f0aebc94aa|An organization that provides scientific analyses of material samples|lbr|Laboratory||
f9fbd975-6816-4674-9438-6d2d9c68c299|A person or organization that manages or supervises work done in a controlled setting or environment|ldr|Laboratory director||
7790b7d5-c437-4751-971c-ce06487bca07|||UF Lab director||
974af2c2-5c35-4bbf-a2ae-f214675972a8|An architect responsible for creating landscape works. This work involves coordinating the arrangement of existing and proposed land features and structures|lsa|Landscape architect||
9f55ae5f-199b-4da9-b6f3-fb81e42d1515|A person or organization that takes primary responsibility for a particular activity or endeavor. May be combined with another relator term or code to show the greater importance this person or organization has regarding that particular role. If more than one relator is assigned to a heading, use the Lead relator only if it applies to all the relators|led|Lead||
b2651046-6af7-43bb-b230-2c468a11e93a|A person or organization permitting the temporary use of a book, manuscript, etc., such as for photocopying or microfilming|len|Lender||
a01696f0-eb4c-47a6-b13b-a5962fa978ba|A person or organization who files a libel in an ecclesiastical or admiralty case|lil|Libelant||
b2265ff2-2929-4311-b867-82dc7f573ea5|A libelant who takes an appeal from one ecclesiastical court or admiralty to another to reverse the judgment|lit|Libelant-appellant||
79d5e828-8fe2-4203-87fb-93fbb50d0dd0|A libelant against whom an appeal is taken from one ecclesiastical court or admiralty to another to reverse the judgment|lie|Libelant-appellee||
cf50e2f8-40ed-412e-9c61-0f1839b7d4c0|A person or organization against whom a libel has been filed in an ecclesiastical court or admiralty|lel|Libelee||
684cf927-9b0f-43b3-8d4b-4ddb99fdb94c|A libelee who takes an appeal from one ecclesiastical court or admiralty to another to reverse the judgment|let|Libelee-appellant||
e5682ca0-4472-4f49-a058-672b40f72c59|A libelee against whom an appeal is taken from one ecclesiastical court or admiralty to another to reverse the judgment|lee|Libelee-appellee||
f71a3985-c8b9-4f23-a8d9-48080bf69644|An author of a libretto of an opera or other stage work, or an oratorio|lbt|Librettist||
8c15cee7-9755-4afa-9804-3ccdc7ad2618|A person or organization who is an original recipient of the right to print or publish|lse|Licensee||
5b2e2186-bf48-426c-98e6-4030dc30c08d|A person or organization who is a signer of the license, imprimatur, etc|lso|Licensor||
6bc5daf1-e02e-4eea-8b59-46df86cb980c|||UF Imprimatur||
28cce1ac-68a2-48f8-b396-8b8b0d7bd3cd|A person or organization who designs the lighting scheme for a theatrical presentation, entertainment, motion picture, etc.|lgd|Lighting designer||
298c3a7e-4ded-47c8-a2a2-ed80d97fae81|A person or organization who prepares the stone or plate for lithographic printing, including a graphic artist creating a design directly on the surface from which printing will be done.|ltg|Lithographer||
0a90f7a0-05b6-4590-8a53-56c36ab2dbfd|An author of the words of a non-dramatic musical work (e.g. the text of a song), except for oratorios|lyr|Lyricist||
c1cceef6-db9a-4450-be7d-fb028c7deee0|The place of manufacture (e.g., printing, duplicating, casting, etc.) of a resource in a published form|mfp|Manufacture place||
e50c8d55-8b59-458f-8b75-08f78cd359e5|A person or organization responsible for printing, duplicating, casting, etc. a resource|mfr|Manufacturer||
ee7f1157-76f7-4b18-aa93-9d0295923390|The entity responsible for marbling paper, cloth, leather, etc. used in construction of a resource|mrb|Marbler||
b5ab4e40-e101-4616-b31b-a465afc23035|A person or organization performing the coding of SGML, HTML, or XML markup of metadata, text, etc.|mrk|Markup editor||
febdad14-87ad-4c1f-bfaf-ce16c859d15b|||UF Encoder||
dd544c87-d1a4-42fb-8eb3-95f7b5e1d59d|||Master electrician||
4c41090c-f5b8-4a79-9668-93316c4beb9d|||USE Electrician||
bd374f0b-24a5-4397-86e6-c1d869fd8a4a|A person held to be a channel of communication between the earthly world and a world of spirits|med|Medium||
0b5ca9fe-3d6a-44ee-b050-b12923187bea|A person or organization primarily responsible for compiling and maintaining the original description of a metadata set (e.g., geospatial metadata set)|mdc|Metadata contact||
80c9c1f5-4a6d-496a-9771-88c5cb381502|An engraver responsible for decorations, illustrations, letters, etc. cut on a metal surface for printing or decoration|mte|Metal-engraver||
8f06e032-68d0-43be-87a8-f06d0cbb9815|A person, family, or organization responsible for recording the minutes of a meeting|mtk|Minute taker||
7dcfc829-0e61-48b8-8266-4eeb05fba72a|A performer contributing to a resource by leading a program (often broadcast) where topics are discussed, usually with participation of experts in fields related to the discussion|mod|Moderator||
d95f8a61-9198-4e54-831e-b517f3e1af34|A person or organization that supervises compliance with the contract and is responsible for the report and controls its distribution. Sometimes referred to as the grantee, or controlling agency|mon|Monitor||
9ff23654-9d83-4542-a57a-cedcbdaab1ee|||Motion picture editor||
82ea9ae6-2b06-40b4-be5e-5e747d8f186b|||USE Film editor||
84372c06-5029-4c6e-b30b-24b694284d08|||Moving image work editor||
b4480740-3739-4c0a-a85c-5b2ea93a5188|||USE Editor of moving image work||
1c912d7e-aecc-4e2d-a11e-7a5ffe339af2|A person who transcribes or copies musical notation|mcp|Music copyist||
5f40b4c6-f837-429b-b52c-e1a70296e806|A person who coordinates the activities of the composer, the sound editor, and sound mixers for a moving image production or for a musical or dramatic presentation or entertainment|msd|Musical director||
bdea48da-ae47-4d6d-b4bf-90c188008a74|A person or organization who performs music or contributes to the musical content of a work when it is not possible or desirable to identify the function more precisely|mus|Musician||
2634c6a3-e562-4b8a-8f8c-cb619b8da0b1|A performer contributing to a resource by reading or speaking in order to give an account of an act, occurrence, course of events, etc|nrt|Narrator||
7875ee5d-b647-46b0-8878-2060db972fb6|||Observer||
f6347503-4db2-4fc4-8fc1-e6b6df419df0|||USE Witness||
1bcde7da-88e8-41ff-9841-33574a29cff2|||Onlooker||
4c20f970-91ed-4a4e-8303-8531dc2193f3|||USE Witness||
85c59e27-3384-4499-ba08-4ece4ab6b883|A performer contributing to an expression of a work by appearing on screen in nonfiction moving image materials or introductions to fiction moving image materials to provide contextual or background information. Use when another term (e.g., narrator, host) is either not applicable or not desired|osp|Onscreen presenter||
2289d705-05b5-4c41-a78f-0727e37522ba|A person or organization responsible for opposing a thesis or dissertation|opn|Opponent||
3cfedd54-a912-4069-909a-ef3c14e9221e|A person, family, or organization organizing the exhibit, event, conference, etc., which gave rise to a resource|orm|Organizer||
a59eea89-6c27-4e35-bf79-0f32dc961bd0|||UF Organizer of meeting||
b35e97ce-da37-4c88-86c7-ee07c45c6fb2|||Organizer of meeting||
f90164e9-589e-4c2d-9531-65fc441561f4|||USE Organizer||
8cef06d6-92f7-4590-a93b-05afab99841c|A person or organization performing the work, i.e., the name of a person or organization associated with the intellectual content of the work. This category does not include the publisher or personal affiliation, or sponsor except where it is also the corporate author|org|Originator||
a8355c75-b850-410f-89c0-46e1fa81befc|A role that has no equivalent in the MARC list.|oth|Other||
391f3250-0a40-48c9-9394-5d4d085d9522|A person, family, or organization that currently owns an item or collection, i.e.has legal possession of a resource|own|Owner||
41adc57f-46e6-4ab4-ab5c-e025948b72d5|||UF Current owner||
0175749b-ace6-47bb-a488-86b4fe5c28f0|A performer contributing to a resource by participating in a program (often broadcast) where topics are discussed, usually with participation of experts in fields related to the discussion|pan|Panelist||
8af64379-4db8-4496-a45d-494be3be9421|A person or organization responsible for the production of paper, usually from wood, cloth, or other fibrous material|ppm|Papermaker||
aa28b1ac-1ad8-48d3-bee2-b147183a4200|A person or organization that applied for a patent|pta|Patent applicant||
92136786-3dbd-4627-879b-93e2d5adb37f|A person or organization that was granted the patent referred to by the item|pth|Patent holder||
dc7ac305-d957-4d88-bf80-3516f314b306|||UF Patentee||
e7a9f385-5a42-4e1b-97ea-e941639069e7|||Patent inventor||
d9945eb7-c1d1-4420-9fb3-5ec69dbbbd84|||USE Inventor||
c31fdd0e-3b2c-401a-8680-d74cc43c32db|||Patentee||
8c5279df-51b0-4a16-bb4b-29fe17e78df2|||USE Patent holder||
6633c16e-773c-46d3-84d9-a9ec7888e214|A person or organization responsible for commissioning a work. Usually a patron uses his or her means or influence to support the work of artists, writers, etc. This includes those who commission and pay for individual works|pat|Patron||
a44b0519-f941-448f-95dd-80043c2da34d|A person contributing to a resource by performing music, acting, dancing, speaking, etc., often in a musical or dramatic presentation, etc. If specific codes are used,|prf|Performer||
bff4607c-24f9-4255-80f9-6e01a35b178d|||Performer of research||
04ba5597-e54c-4ba2-9415-4adbd9232155|||USE Researcher||
7cc85621-49e6-4ecb-8628-6e936aaf7dff|An organization (usually a government agency) that issues permits under which work is accomplished|pma|Permitting agency||
2d05e93f-790a-401c-80c1-a97950033998|A person, family, or organization responsible for creating a photographic work|pht|Photographer||
09c84c63-afb2-44eb-8300-666faa1e1751|The place to which a resource is sent, for example, the place of the postal address of a letter|pad|Place of address||
26e72990-6488-48d8-85cb-c15f6a133c9c|A person or organization who brings a suit in a civil proceeding|ptf|Plaintiff||
5fed9234-bdd8-439d-9c67-cca41b237900|A plaintiff who takes an appeal from one court or jurisdiction to another to reverse the judgment, usually in a legal proceeding|ptt|Plaintiff-appellant||
cb33dad9-fe46-4e74-b4bc-dcc921c0ba3c|A plaintiff against whom an appeal is taken from one court or jurisdiction to another to reverse the judgment, usually in a legal proceeding|pte|Plaintiff-appellee||
665d56dd-9abe-4486-8ea5-dd59ed9ed7a4|A person, family, or organization involved in manufacturing a manifestation by preparing plates used in the production of printed images and/or text|plt|Platemaker||
69abfba6-0c04-48bd-a5c8-5a17440396d7|||Plates, printer of||
133e157b-df90-4e70-acdb-f7e51a03bcfb|||USE Printer of plates||
6ec221b0-c736-43f9-b501-4189fbab1aba|A person who is the faculty moderator of an academic disputation, normally proposing a thesis and participating in the ensuing disputation|pra|Praeses||
46e8f826-9f69-49fe-ab87-2739663468c3|A person or organization mentioned in an “X presents” credit for moving image materials and who is associated with production, finance, or distribution in some way. A vanity credit; in early years, normally the head of a studio|pre|Presenter||
071e9d74-094b-4aae-b4fc-c07d64f9cffb|||Preservationist||
71dd31b5-4e58-4143-b06d-7de247086045|||USE Conservator||
fc780b0d-38eb-44ca-89c3-f8ef05e69ac6|A person, family, or organization involved in manufacturing a manifestation of printed text, notated music, etc., from type or plates, such as a book, newspaper, magazine, broadside, score, etc|prt|Printer||
b2788fbe-2e7e-4d14-9724-a6d909a87757|A person or organization who prints illustrations from plates.|pop|Printer of plates||
2844c0ad-f083-403f-88f5-7c4197e15d83|||UF Plates, printer of||
92b2121f-67c9-4b0e-8a41-cc28b0dd5dbe|A person or organization who makes a relief, intaglio, or planographic printing surface|prm|Printmaker||
47765b1a-0904-4ede-b0cd-92f864b0575c|A person or organization primarily responsible for performing or initiating a process, such as is done with the collection of metadata sets|prc|Process contact||
fa8d7a9f-6e3f-439e-9f82-9c08f6b00645|A person, family, or organization responsible for most of the business aspects of a production for screen, audio recording, television, webcast, etc. The producer is generally responsible for fund raising, managing the production, hiring key personnel, arranging for distributors, etc.|pro|Producer||
f3ed0b85-3cad-4f85-b44f-64696b5fe071|||Producer of book||
21ffcdd6-4deb-4e3a-8436-81295f24c357|||USE Book producer||
cb2af5a1-8e2b-4022-981d-942fb33bd53a|An organization that is responsible for financial, technical, and organizational management of a production for stage, screen, audio recording, television, webcast, etc.|prn|Production company||
a1942bb3-6713-4655-a669-588f1f8fcd65|A person or organization responsible for designing the overall visual appearance of a moving image production|prs|Production designer||
73e52960-8f1e-4ad1-9bdc-0f31aa06d4c6|A person responsible for all technical and business matters in a production|pmn|Production manager||
b81f3abd-3a53-4895-a88f-a79d57100d8e|A person or organization associated with the production (props, lighting, special effects, etc.) of a musical or dramatic presentation or entertainment|prd|Production personnel||
832ec726-dbc8-4800-97de-eeec0e2ca977|The place of production (e.g., inscription, fabrication, construction, etc.) of a resource in an unpublished form|prp|Production place||
b5405953-483d-4a58-9ead-80ba915c88df|A person, family, or organization responsible for creating a computer program|prg|Programmer||
2cd51ac1-734f-42c8-a453-133a2da956a5|A person or organization with primary responsibility for all essential aspects of a project, has overall responsibility for managing projects, or provides overall direction to a project manager|pdr|Project director||
cc8d13f6-25d0-4eeb-bb74-396a8fc96c52|||Promoter||
9fdb2f44-aa5a-4a97-8e42-78e272705c48|||USE Thesis advisor||
b413f091-9e80-4178-b159-95f12be35383|A person who corrects printed matter. For manuscripts, use Corrector|pfr|Proofreader||
b50848fe-c613-47a4-be16-ed7ef56e2a09||prv|Provider||
036586e8-82b2-4470-8c14-c1998b3b8cab|||A person or organization who produces, publishes, manufactures, or distributes a resource if specific codes are not desired (e.g.[mfr],[pbl])||
bc5bc6c6-4108-41f8-9585-50bc417ea4a6|The place where a resource is published|pup|Publication place||
ccb2dd0b-3230-44dd-bdba-627f9d52a4c2|A person or organization responsible for publishing, releasing, or issuing a resource|pbl|Publisher||
003f530f-ff15-4316-a20e-dd345d171d81|A person or organization who presides over the elaboration of a collective work to ensure its coherence or continuity. This includes editors-in-chief, literary editors, editors of series, etc.|pbd|Publishing director||
17261052-7568-450e-9ddb-a29ce64f340b|A performer contributing to a resource by manipulating, controlling, or directing puppets or marionettes in a moving image production or a musical or dramatic presentation or entertainment|ppt|Puppeteer||
79db6b29-5860-4b7e-aae3-98fbb20a4b93|A director responsible for the general management and supervision of a radio program|rdd|Radio director||
b77680fc-df91-46ba-8b3b-8eb4d37d536f|A producer responsible for most of the business aspects of a radio program|rpc|Radio producer||
b7849d80-9c03-4b54-aa99-b04a3fc3ea43|||Recipient||
ccca62d3-3c0a-46a9-912f-61dd5ff833ee|||USE Addressee||
be679f9b-d9c3-4db4-9408-714ec278fdde|A person contributing to a resource by supervising the technical aspects of a sound or video recording session|rce|Recording engineer||
feedfcf9-a362-402c-9b95-35785cbd0426|A person or organization who uses a recording device to capture sounds and/or video during a recording session, including field recordings of natural sounds, folkloric events, music, etc.|rcd|Recordist||
47bc6ff1-1903-44f2-98c2-c78a9c2b974c|A person or organization who writes or develops the framework for an item without being intellectually responsible for its content|red|Redaktor||
450af3a0-43cc-491b-bcc3-77beed927bce|A person or organization who prepares drawings of architectural designs (i.e., renderings) in accurate, representational perspective to show what the project will look like when completed|ren|Renderer||
69b7a62d-21f7-453b-9e51-fe63c29382b1|A person or organization who writes or presents reports of news or current events on air or in print|rpt|Reporter||
2445e801-65c9-4a76-9694-5554073e49b6|An organization that hosts data or material culture objects and provides services to promote long term, consistent and shared use of those data or objects|rps|Repository||
1b4e70ee-5820-47fb-bfb2-d20d157e4f8b|A person who directed or managed a research project|rth|Research team head||
9adf493d-55b0-4bf4-841d-0c70b1e275c3|A person who participated in a research project but whose role did not involve direction or management of it|rtm|Research team member||
2f0e598f-1455-487f-b00f-5f2bb2f5ab13|A person or organization responsible for performing research|res|Researcher||
6a380461-83cf-4a2d-bb2a-c3ec7204232e|||UF Performer of research||
9b1d1b82-caf2-4dd1-9244-37ef053cc46e|A person or organization who makes an answer to the courts pursuant to an application for redress (usually in an equity proceeding) or a candidate for a degree who defends or opposes a thesis provided by the praeses in an academic disputation|rsp|Respondent||
703b63c5-76af-4d4c-8003-598837f840d2|A respondent who takes an appeal from one court or jurisdiction to another to reverse the judgment, usually in an equity proceeding|rst|Respondent-appellant||
5f5e832b-0efb-4a85-af1f-fe701dcf4ce3|A respondent against whom an appeal is taken from one court or jurisdiction to another to reverse the judgment, usually in an equity proceeding|rse|Respondent-appellee||
3f1efc16-d45b-4131-8d58-90633e282676|A person or organization legally responsible for the content of the published material|rpy|Responsible party||
bd60f40d-4c2a-4fb7-a718-fdcd9afdbfff|A person or organization, other than the original choreographer or director, responsible for restaging a choreographic or dramatic work and who contributes minimal new content|rsg|Restager||
e62e1117-ae98-49d7-80b8-43f78f56ddfa|A person, family, or organization responsible for the set of technical, editorial, and intellectual procedures aimed at compensating for the degradation of an item by bringing it back to a state as close as possible to its original condition|rsr|Restorationist||
4081688a-ac69-4315-ae30-b50ef9fcc68c|A person or organization responsible for the review of a book, motion picture, performance, etc.|rev|Reviewer||
d32ece78-139c-41e8-a3c0-ce85debfcf1a|A person or organization responsible for parts of a work, often headings or opening parts of a manuscript, that appear in a distinctive color, usually red|rbr|Rubricator||
63822e0c-c369-4b6a-82a3-c50b9b4680e4|A person or organization who is the author of a motion picture screenplay, generally the person who wrote the scenarios for a motion picture during the silent era|sce|Scenarist||
1992c11d-cb83-40ff-89c7-7c27d68b9bae|A person or organization who brings scientific, pedagogical, or historical competence to the conception and realization on a work, particularly in the case of audio-visual items|sad|Scientific advisor||
749cf3f5-fcb6-4c8b-b455-adcbc2be92e8|An author of a screenplay, script, or scene|aus|Screenwriter||
3c545e03-5265-4efc-bb0c-9c7c6f73a8b1|||UF Author of screenplay, etc.||
86dc3b03-b9e4-4ce6-b70f-1479adce0d26|A person who is an amanuensis and for a writer of manuscripts proper. For a person who makes pen-facsimiles, use Facsimilist|scr|Scribe||
a8b57734-0b1a-4d7f-b2f7-07f7265f97f0|An artist responsible for creating a three-dimensional work by modeling, carving, or similar technique|scl|Sculptor||
a56790fc-42af-4c52-b8b6-f913d118ff71|A person or organization who is identified as the party of the second part. In the case of transfer of right, this is the assignee, transferee, licensee, grantee, etc. Multiple parties can be named jointly as the second party|spy|Second party||
c7519fa3-1de6-4d30-9b62-c6b581e5d177|A person or organization who is a recorder, redactor, or other person responsible for expressing the views of a organization|sec|Secretary||
af2f67c8-3d7b-43ce-9983-f3c0069eebe0|A former owner of an item who sold that item to another owner|sll|Seller||
ede61663-bdae-4289-8c17-893a3b33a905|A person who translates the rough sketches of the art director into actual architectural structures for a theatrical presentation, entertainment, motion picture, etc. Set designers draw the detailed guides and specifications for building the set|std|Set designer||
d8227306-c814-44fd-b36b-df2634f452df|An entity in which the activity or plot of a work takes place, e.g. a geographic place, a time period, a building, an event|stg|Setting||
4739fdc6-b0c5-4177-a016-0995bcb597fa|A person whose signature appears without a presentation or other statement indicative of provenance. When there is a presentation statement, use Inscriber|sgn|Signer||
0a9197fc-cb7e-474e-83c2-0a08ed35144b|A performer contributing to a resource by using his/her/their voice, with or without instrumental accompaniment, to produce music. A singer's performance may or may not include actual words|sng|Singer||
6e538726-8ffb-44e2-a52c-32e0a2635f2c|||UF Vocalist||
68ec2456-f8fc-4857-885b-137711449816|A person who produces and reproduces the sound score (both live and recorded), the installation of microphones, the setting of sound levels, and the coordination of sources of sound for a production|sds|Sound designer||
c1a3a337-3d78-45e1-a3b7-0eaf125c0afc|"A performer contributing to a resource by speaking words, such as a lecture, speech, etc. "|spk|Speaker||
d329ac00-dd49-4672-bd01-f3568d7e64b4|A person, family, or organization sponsoring some aspect of a resource, e.g., funding research, sponsoring an event|spn|Sponsor||
af7151c9-6c49-4a3d-9338-3318d4039474|||UF Sponsoring body||
92413fd6-275f-4d08-9e42-4bd4c6b23b4b|||Sponsoring body||
dfee9c89-9545-459c-942e-45fc6ee54415|||USE Sponsor||
b135f0a1-23f1-4d8a-9870-abfc4fc13ff8|A person or organization contributing to a stage resource through the overall management and supervision of a performance|sgd|Stage director||
21db185c-5940-4e4e-aa84-c237c8fabaf5|A person who is in charge of everything that occurs on a performance stage, and who acts as chief of all crews and assistant to a director during rehearsals|stm|Stage manager||
9488bc71-38b1-4b20-98df-a73735a29ea3|An organization responsible for the development or enforcement of a standard|stn|Standards body||
94799f22-caea-4a64-b756-334bb48dd15a|A person or organization who creates a new plate for printing by molding or copying another printing surface|str|Stereotyper||
bfb39a38-16d0-4712-885f-28d05c57da16|A performer contributing to a resource by relaying a creator's original story with dramatic or theatrical interpretation|stl|Storyteller||
85de06d7-bebb-4da5-a410-bee58c9d7708|A person or organization that supports (by allocating facilities, staff, or other resources) a project, program, meeting, event, data objects, material culture objects, or other entities capable of support|sht|Supporting host||
166a6a99-b370-414c-8444-1dc0958fdc41|||UF Host, supporting||
edacd449-9d85-4924-8782-b7a04a8eefd9|||Supposed name||
e0ea7b64-4969-4c69-bf65-ff2341f480a4|||USE Attributed name||
d74d3937-a00e-4023-a596-f3bc4a5406fd|A person, family, or organization contributing to a cartographic resource by providing measurements or dimensional relationships for the geographic area represented|srv|Surveyor||
3e023692-408b-4c55-9173-0f27b8e09b26|A performer contributing to a resource by giving instruction or providing a demonstration|tch|Teacher||
52e6bf13-ffb5-4b59-b533-f1baa8051be3|||UF Instructor||
11f102ad-ae44-498b-bc1e-6cd35a92d348|A person who is ultimately in charge of scenery, props, lights and sound for a production|tcd|Technical director||
02c2604e-f174-4fa3-963f-51ce47a3ae23|||Technical draftsman||
c72bb62a-7d76-4d68-910f-0f0edf06f93e|||USE Draftsman||
7c965e27-7107-4072-8c30-39023715c1f5|A director responsible for the general management and supervision of a television program|tld|Television director||
e94adf51-4a33-41b0-972f-f02d84167027|A producer responsible for most of the business aspects of a television program|tlp|Television producer||
69714af6-53a2-4f46-83d3-85482d5c176e|||Testifier||
01d53049-289b-4099-98d8-1f0b064b8894|||USE Witness||
bf8a9cc8-8b16-47f5-9ffb-b8a9e54a0b67|A person under whose supervision a degree candidate develops and presents a thesis, mémoire, or text of a dissertation|ths|Thesis advisor||
c81e5079-ffac-4e94-8e68-5b09977c719c|||UF Promoter||
bdaadbcf-b0e4-4fbc-b8f9-d17fc08dc1a8|A person, family, or organization contributing to a resource by changing it from one system of notation to another. For a work transcribed for a different instrument or performing group, see Arranger[arr]. For makers of pen-facsimiles, use Facsimilist[fac]|trc|Transcriber||
e9d24674-1bfe-42a9-913e-7ca1d85ed8f9|A person or organization who renders a text from one language into another, or from an older form of a language into the modern form|trl|Translator||
4d402862-7e36-4f29-b974-113223564a84|A person or organization who designs the type face used in a particular item|tyd|Type designer||
34bc4076-1673-4e3f-b248-7e5ecf67f6bc|||UF Designer of type||
fc94e218-960c-4269-90b5-0129c357462e|||Typesetter||
f574678b-21be-4fd0-a9d3-bfdab9b85483|||USE Compositor||
c7b7a5d3-3775-4799-b58d-d600fd902b42|A person or organization primarily responsible for choice and arrangement of type used in an item. If the typographer is also responsible for other aspects of the graphic design of a book (e.g., Book designer|tyg|Typographer||
219f9005-2cce-44d1-b5ac-2dd2adfb5bcf|A place where a university that is associated with a resource is located, for example, a university where an academic dissertation or thesis was presented|uvp|University place||
c125a586-f3a6-48a1-8f0e-a388015a28c0|A person in charge of a video production, e.g. the video recording of a stage production as opposed to a commercial motion picture. The videographer may be the camera operator or may supervise one or more camera operators. Do not confuse with cinematographer|vdg|Videographer||
4ee3a096-0cc8-463c-bb39-d07b14f5ec0b|||Vocalist||
7a57c064-b177-45c2-893e-158af2312c47|||USE Singer||
c3e2c196-3fab-4382-ac47-272004215e3f|An actor contributing to a resource by providing the voice for characters in radio and audio productions and for animated characters in moving image works, as well as by providing voice overs in radio and television commercials, dubbed resources, etc.|vac|Voice actor||
7239acf3-e036-48d7-9294-67220240b8e0||wit|Witness||
dea555c4-1459-41b8-a8d4-5ac3476fa529|||Use for a person who verifies the truthfulness of an event or action.||
781667de-308c-4566-a3c8-b4057e896b18|||UF Deponent||
426aa581-69c3-4d6c-8f1b-1b41d2ea5541|||UF Eyewitness||
95697587-c5e3-441a-a053-00edc174fd34|||UF Observer||
742d9157-38b0-4d3e-b0b6-9706a6c22fc0|||UF Onlooker||
df3a85c1-1b40-45bc-a75c-df42275fafd7|||UF Testifier||
7a27c7cf-ddd7-4fcb-946b-c2e98af208cf|A person or organization who makes prints by cutting the image in relief on the end-grain of a wood block|wde|Wood engraver||
454a2469-1c71-4a13-afd2-90e16a046267|A person or organization who makes prints by cutting the image in relief on the plank side of a wood block|wdc|Woodcutter||
84e08220-de86-4f3c-832d-241248d3ef66|A person or organization who writes significant material which accompanies a sound recording or other audiovisual material|wam|Writer of accompanying material||
764c39b4-cb48-4e3f-b6ec-135edd16dd6c|A person, family, or organization contributing to an expression of a work by providing an interpretation or critical explanation of the original work|wac|Writer of added commentary||
8174ff7f-889f-42df-a06b-b7b38da50704|A writer of words added to an expression of a musical work. For lyric writing in collaboration with a composer to form an original work, see lyricist|wal|Writer of added lyrics||
3b82ee8c-b107-480c-98b8-c9b91cbe4f6a|A person, family, or organization contributing to a non-textual resource by providing text for the non-textual work (e.g., writing captions for photographs, descriptions of maps).|wat|Writer of added text||
096f75a6-9f85-4c8d-8e89-9db7e8def254|A person, family, or organization contributing to a resource by providing an introduction to the original work|win|Writer of introduction||
61419a2a-e433-477c-b49b-64a924dcc3a4|A person, family, or organization contributing to a resource by providing a preface to the original work|wpr|Writer of preface||
848d8b97-b338-4813-b1e4-e9fee15d8905|A person, family, or organization contributing to a resource by providing supplementary textual content (e.g., an introduction, a preface) to the original work|wst|Writer of supplementary textual content||
